일시,평균기온(°C),최저기온(°C),최고기온(°C),일강수량(mm),최대 풍속(m/s),일 최심적설(cm),padding_F,padding_M
2019-01-01,-5,-8.2,-0.6,,4.3,,21.68946,23.65537
2019-01-02,-4.9,-8.8,0.2,,3.6,,22.06136,20.80593
2019-01-03,-3.5,-8.4,3.2,,2.9,,19.25222,17.91434
2019-01-04,-1.1,-6.2,4.1,,3,,17.02749,15.3684
2019-01-05,-2.8,-5.5,1.1,,4.3,,18.44866,15.66346
2019-01-06,-2.8,-6.3,2.7,,3.2,,17.78456,16.97015
2019-01-07,-1.9,-6.2,3.1,,4.7,,19.6374,16.85213
2019-01-08,-3.5,-7.2,0.5,,6.5,,19.3784,18.36958
2019-01-09,-4.7,-9.4,1.3,,3.5,,18.64125,17.32422
2019-01-10,-0.6,-4.5,3,,3.8,,15.00863,14.63496
2019-01-11,2.4,-0.4,7.2,,2.6,,13.08274,12.29978
2019-01-12,2.8,-0.6,8,,3.5,,13.38823,13.05007
2019-01-13,1.2,-3,7.6,,3.2,,14.57696,14.22188
2019-01-14,1.4,-2.4,5.3,,2.5,,13.08274,11.60849
2019-01-15,-1.7,-7.2,2.6,0,6.1,,13.13587,11.72652
2019-01-16,-5.2,-10.1,-1.1,0,4.3,,14.2914,12.55268
2019-01-17,-0.3,-3.2,4,0,5,,12.62451,11.37244
2019-01-18,0.6,-4.6,6.7,,4.5,,11.00411,10.26808
2019-01-19,3.6,0,8.5,,3,,12.2659,10.8582
2019-01-20,-1.4,-5.5,4,,5.5,,14.13202,16.87742
2019-01-21,-1.2,-6.7,4.2,0,4.3,,12.89015,13.22711
2019-01-22,1.7,-3.3,7.1,,4.4,,12.85031,10.68116
2019-01-23,2,-0.8,7,,5.1,,11.50219,9.13842
2019-01-24,0.1,-4.6,6.5,,3.5,,9.9814,8.50615
2019-01-25,-1.2,-3.8,2.6,,5.5,,10.00796,8.12679
2019-01-26,-2.5,-6.5,2.4,,4.4,,12.2327,9.63581
2019-01-27,-0.1,-6.6,5.1,,3.7,,12.07331,10.68959
2019-01-28,1.2,-2.4,4.5,0,6.8,,11.49555,8.87708
2019-01-29,-0.2,-5.6,7,,3.7,,10.41971,9.31546
2019-01-30,1.8,-2.8,6.6,,3.8,,9.3173,7.56196
2019-01-31,-2,-6.2,2.3,,4.7,,9.2044,7.47765
2019-02-01,-2.1,-7.4,2.8,0.3,4.9,0.2,8.66648,7.64626
2019-02-02,1.4,-3.2,6.1,0,1.8,0.2,8.60672,7.4355
2019-02-03,3.3,2,4.9,16,4,,8.46725,6.92126
2019-02-04,-0.6,-3.3,3,,4.9,,7.27188,6.68521
2019-02-05,2.8,-3.6,10.1,,2.9,,7.30508,7.08143
2019-02-06,5.1,0.1,9.3,,3.1,,8.28131,6.82852
2019-02-07,-2.1,-8.2,6.3,0.5,5.5,0,9.26417,6.97184
2019-02-08,-6.1,-10.2,-1.3,,4.7,,10.02125,7.03928
2019-02-09,-5.4,-8.6,-1.9,,4.9,,10.96427,8.03405
2019-02-10,-5,-9.1,-1.9,,3.6,,10.73183,9.45034
2019-02-11,-3,-7.5,2,,4.9,,9.56966,7.33434
2019-02-12,-0.6,-4.1,3.7,0,4.3,,9.16456,6.76108
2019-02-13,-2.1,-5.7,2.5,,5.1,,9.01182,6.33114
2019-02-14,-0.5,-5.9,6.3,,3.2,,8.19497,6.2384
2019-02-15,-0.8,-2.9,0.9,2.2,4,2.4,7.71682,5.52183
2019-02-16,-2.7,-5.1,1.5,0.2,4.6,0.7,9.31066,6.94655
2019-02-17,-1.8,-6.8,4.6,,4.2,,9.4302,7.14887
2019-02-18,0.9,-4.7,5.9,,2.8,,9.13799,9.20586
2019-02-19,1.4,0.2,3,4.6,3.9,3.3,8.51374,6.9887
2019-02-20,1.7,-0.1,4.5,0,4.1,0.4,7.60393,6.06137
2019-02-21,2.4,-2.6,9,,3.4,,6.78708,5.08345
2019-02-22,4,-1.6,10.8,,3.7,,6.28237,4.54392
2019-02-23,6.8,0.5,14.5,,2.9,,6.30229,4.957
2019-02-24,6.3,1.2,13.7,,4.9,,5.79758,4.79683
2019-02-25,4.7,1.3,10.2,,4.8,,5.62491,4.67037
2019-02-26,5.2,-1.5,12,,4.9,,4.62876,4.0381
2019-02-27,7.8,4.7,14,,4.3,,4.2303,3.43955
2019-02-28,6.6,2,12.8,,4.7,,3.65918,2.95902
2019-03-01,6.6,1.2,13,,4.4,,4.15061,3.70089
2019-03-02,7.8,1.3,14.7,,3.3,,3.57285,3.13606
2019-03-03,9.4,2.5,16.1,,3.3,,3.77872,3.6756
2019-03-04,9.9,5,16.3,,4.7,,3.57949,3.81891
2019-03-05,8.4,5.6,12.9,,3.9,,3.33377,2.9253
2019-03-06,8.4,5.7,12.4,,4.3,,3.04157,2.57123
2019-03-07,7,3.1,12.7,,5.1,,2.88218,2.3689
2019-03-08,6.1,0.6,13.4,,4.2,,2.66303,2.39419
2019-03-09,7.2,-0.4,14.9,,3,,3.11462,2.69769
2019-03-10,10.1,6.7,15.3,,2.9,,3.00172,2.69769
2019-03-11,6.6,3.5,10,0,4.3,,3.18767,2.6471
2019-03-12,3.9,-0.3,7.9,0,6,,4.32328,3.58286
2019-03-13,3.5,-0.4,8.5,0,7.2,,5.33935,4.05496
2019-03-14,5,-1.7,10,0,3.8,,3.87169,2.9253
2019-03-15,5.5,1.6,11.3,3.5,5.4,,3.60605,2.33518
2019-03-16,4.3,0.2,9.2,,5.1,,3.38026,2.84943
2019-03-17,6.3,2.6,12.4,,4.4,,2.75601,2.67239
2019-03-18,7.1,1.4,14.4,,4.7,,3.10798,2.40263
2019-03-19,10,3.4,16.7,,3.3,,1.99893,2.22559
2019-03-20,10.3,7.1,14.6,16.5,3.9,,2.40403,2.08227
2019-03-21,7.1,1.9,11.1,3.3,5.5,,3.17439,2.44478
2019-03-22,3.3,-0.7,8.3,,5,,4.55571,3.42269
2019-03-23,3.3,-0.4,8.2,1.7,6.3,,3.69903,2.55437
2019-03-24,4.3,-0.8,9.7,,4.9,,3.17439,2.55437
2019-03-25,7.3,2.9,11.5,,5.1,,2.76929,2.116
2019-03-26,11.4,7.4,17.6,,4.7,,2.11183,1.43314
2019-03-27,11.6,8.9,16.2,,6.4,,1.83955,1.69448
2019-03-28,9.4,5.6,14.6,,4.8,,1.72665,1.52588
2019-03-29,9.2,5.5,15.1,,4.7,,1.42117,1.66076
2019-03-30,5.2,3.5,8.4,1.8,6.3,,2.49037,2.51222
2019-03-31,4.4,2.6,8.4,0,5.5,,3.51308,2.94216
2019-04-01,5.5,0.3,11.3,,5.8,,4.04436,3.11077
2019-04-02,6.7,1.3,13,,6.1,,3.11462,2.44478
2019-04-03,7.6,1.9,13.6,,5,,2.56342,1.90524
2019-04-04,9.2,3,15.7,,5,,1.85283,1.57646
2019-04-05,11.4,7,17.2,0,5.4,,1.56727,1.23925
2019-04-06,9.3,5.9,12.2,0.8,2.8,,1.5075,1.50059
2019-04-07,12.6,5.6,20.3,,4.8,,1.25514,1.34884
2019-04-08,11.6,7.6,17.2,,5.2,,1.03599,1.28983
2019-04-09,9.2,4.7,13.9,17.4,4.4,,1.60711,1.61861
2019-04-10,7.1,4.7,10.2,5.6,3.1,,2.69624,2.39419
2019-04-11,9.5,4.3,15.7,,4.7,,1.50086,1.25611
2019-04-12,11.4,5.5,18.4,,5.1,,1.22194,0.98634
2019-04-13,11.8,6.2,17.9,,5,,1.07584,1.23925
2019-04-14,9.6,6.9,13.6,1.7,7.3,,1.30827,1.50902
2019-04-15,11.6,3.9,18.1,,4.7,,1.14224,1.27297
2019-04-16,14.9,6.8,22.6,,4.1,,0.74379,1.16337
2019-04-17,15.3,9.1,21.8,,4.9,,0.75707,1.05378
2019-04-18,12.6,10.4,16.2,0,5.3,,1.00278,0.83459
2019-04-19,13.8,9.6,19.7,,3.2,,0.75043,0.94419
2019-04-20,14.3,9.7,19.1,1.2,4.5,,0.79691,0.94419
2019-04-21,14.8,12.2,20.2,0.3,4.2,,0.61761,1.03692
2019-04-22,19.3,10.7,28.2,,4.2,,0.81684,1.01163
2019-04-23,20.4,15.3,25.5,0,3.8,,0.78363,0.85145
2019-04-24,19.5,15.8,25.9,4.1,4.5,,0.71058,0.92733
2019-04-25,13.2,9.4,17.2,11.3,3.6,,0.73714,0.8093
2019-04-26,8.4,6.2,9.9,4.9,3.5,,1.07584,1.02849
2019-04-27,11.6,4.1,18.2,,3.6,,0.75707,0.99477
2019-04-28,12.9,9.9,16.6,0,3.7,,0.76371,0.97791
2019-04-29,13,8.3,17.3,,2,,0.8102,0.99477
2019-04-30,15.5,9,22.5,,4.2,,0.69066,0.79244
2019-05-01,16.4,11.2,22.2,,4.8,,0.62425,0.85988
2019-05-02,17.1,10.6,25.3,,5.1,,0.72386,0.86831
2019-05-03,17.9,10.1,26.1,,4.4,,0.5512,0.74186
2019-05-04,19.5,12,27.4,,4.1,,0.51799,0.9189
2019-05-05,19.2,13.6,26.5,,5.3,,0.60432,0.76715
2019-05-06,14.5,9.8,19.8,0,5.3,,0.78363,0.87674
2019-05-07,15,8.4,21.9,,5,,0.74379,0.88517
2019-05-08,15.6,10.1,21.3,,5.1,,0.90317,0.85988
2019-05-09,16.6,11.7,22.9,,4.5,,1.1356,0.85988
2019-05-10,17.8,10.3,26.8,,4.1,,0.63089,0.74186
2019-05-11,20.3,13.2,28.3,,3.9,,0.70394,0.80087
2019-05-12,21.6,14.7,28.9,,3.1,,0.94302,0.9189
2019-05-13,18.7,15.5,22.8,0,4.9,,0.85668,0.81773
2019-05-14,19.6,12.9,26.9,,4.1,,0.68402,0.94419
2019-05-15,20.7,14.8,28,,3.9,,0.6973,0.8093
2019-05-16,23.5,16.7,30,,4.1,,0.68402,0.9189
2019-05-17,23.6,17.6,28.3,,3.2,,0.8102,0.83459
2019-05-18,22.8,19.1,25.9,0,4.8,,0.59104,0.87674
2019-05-19,19.4,17.9,21.6,22,2.7,,0.74379,1.07907
2019-05-20,16.4,13,20.2,8.7,6.1,,0.8102,0.79244
2019-05-21,17.2,11.7,23.8,,5.9,,0.88325,1.05378
2019-05-22,19.5,12.3,26.5,,5.4,,0.87661,1.02849
2019-05-23,22.1,15,29.2,,3.5,,0.75043,0.71657
2019-05-24,24.2,16.2,33.4,,4.1,,0.5512,0.91047
2019-05-25,23.4,18.4,28.6,,4.2,,0.61761,0.87674
2019-05-26,24.5,18.6,31.1,,4.5,,0.94302,1.03692
2019-05-27,17.8,14.3,22.3,7.1,5.3,,0.94966,0.98634
2019-05-28,18.1,11.9,24.6,,4.9,,0.89653,1.27297
2019-05-29,20.3,13.3,26.5,,4.9,,1.00278,1.07064
2019-05-30,19.6,14.6,24.5,0,5.4,,0.92309,0.93576
2019-05-31,19.1,16.1,23.3,,5.4,,0.78363,0.61541
2019-06-01,18.9,14.8,23.7,,4.2,,0.60432,1.04535
2019-06-02,21.1,14.1,27.8,,4.6,,0.81684,1.15494
2019-06-03,23.1,16,29.5,,5,,1.01607,1.04535
2019-06-04,22.6,17.6,29,,4.4,,0.87661,0.87674
2019-06-05,23,17.8,29.6,,4.3,,1.10904,0.8936
2019-06-06,21.2,18.6,25.1,7.5,4.1,,1.06919,0.96948
2019-06-07,20,17,24.7,35.3,3.5,,0.98286,0.8936
2019-06-08,21.9,16,27.6,,4,,0.86332,1.23082
2019-06-09,21.6,17.1,26.5,2.5,4,,1.12232,2.77356
2019-06-10,18.4,15.7,21.9,9.5,2.4,,0.88325,1.16337
2019-06-11,20.5,15.5,26.1,,3,,0.81684,1.20553
2019-06-12,21.5,16.1,26.4,,4.6,,0.92309,0.93576
2019-06-13,23,16.6,28.8,,4,,0.9895,0.94419
2019-06-14,23,19.1,28.4,,4.2,,0.8434,0.87674
2019-06-15,21.9,17.9,27.4,2.1,5.3,,0.90317,1.09593
2019-06-16,22,16.1,27.2,,4.7,,1.16881,1.3657
2019-06-17,21.7,18.1,26.2,0,4.1,,1.12896,1.22239
2019-06-18,20.8,17,24.8,13.8,4,,1.1356,1.68605
2019-06-19,21.4,18.9,25.4,0.2,4.1,,1.14224,1.26454
2019-06-20,22.7,19.8,27.8,,4.2,,0.9563,1.23925
2019-06-21,22.1,19.4,26.1,0.2,3.7,,0.88989,0.96105
2019-06-22,24.2,17.7,30.6,,2.9,,1.05591,1.38256
2019-06-23,25,19.1,31,,4.4,,1.07584,1.35727
2019-06-24,25.2,20.9,30.9,,4.1,,0.99614,1.52588
2019-06-25,25.6,19.5,32.8,,4.2,,1.18209,1.34041
2019-06-26,25.5,20.7,29.5,0,3.1,,1.22194,1.26454
2019-06-27,25.5,21.9,31.2,1.4,3.5,,1.07584,1.37413
2019-06-28,24.7,22.3,29,0,3.8,,0.9895,1.24768
2019-06-29,23.1,19.6,27.7,1.5,3.2,,1.24186,1.40785
2019-06-30,23.9,20.9,28.5,0,4.5,,1.20865,1.7282
2019-07-01,23.9,20.6,28.9,,5.2,,1.16217,1.20553
2019-07-02,24.4,20.8,30.1,,4.3,,1.3614,1.42471
2019-07-03,24.1,21.2,27.4,,3.8,,1.18209,1.52588
2019-07-04,25.4,20,32.8,,4.5,,1.18209,1.41628
2019-07-05,27.6,20.2,35,0,4.3,,0.98286,1.26454
2019-07-06,29.7,24.6,36.1,,3.9,,1.2485,1.89681
2019-07-07,26.7,22.7,32.5,,3.3,,1.37468,1.87995
2019-07-08,25.1,21.2,31,,3.3,,1.14889,1.6439
2019-07-09,25,19.7,30,,3.1,,1.26842,1.20553
2019-07-10,22.7,19.3,27.3,8.5,3.3,,1.23522,1.5596
2019-07-11,21.9,19.5,25.9,2.9,2.8,,1.41453,1.52588
2019-07-12,23.6,20,28.7,,4.4,,1.2153,1.3657
2019-07-13,24.9,22.1,29.7,0,3.9,,1.33483,1.71977
2019-07-14,25.9,21.2,31.6,,3.8,,1.71337,2.06541
2019-07-15,23.8,22.1,27.4,7.7,3,,1.45437,1.69448
2019-07-16,24.7,21.4,28.8,6.3,3.4,,1.40124,1.9221
2019-07-17,25.6,22.3,29.2,0.7,2.9,,1.32155,1.61861
2019-07-18,26.9,23.3,32.1,,3.2,,1.42781,1.82094
2019-07-19,28.6,22.8,35,0,4.6,,1.41453,1.67762
2019-07-20,28,25.1,31.9,1.1,3.6,,1.58055,2.04855
2019-07-21,25.1,24.2,27,6.2,4.4,,1.95245,2.24245
2019-07-22,26.7,24.2,31,0.1,3.6,,1.60047,2.21716
2019-07-23,28.1,24.4,32.9,,3.6,,1.72665,2.02326
2019-07-24,26.5,25.2,27.2,1,3.4,,2.15168,2.29303
2019-07-25,26.3,25.6,27.4,9.7,3.4,,2.88882,3.43112
2019-07-26,25.1,23.7,25.9,60,4.5,,2.31106,2.49536
2019-07-27,28.4,24.9,33.4,0.6,3.9,,2.0255,2.24245
2019-07-28,26.1,25,28.2,25.6,4.8,,2.32434,2.59652
2019-07-29,27.5,25.6,30,0.5,5,,2.08527,2.21716
2019-07-30,28.1,26.3,30.8,1.2,5.9,,2.08527,2.39419
2019-07-31,25.8,24,27.5,62.3,5.3,,2.08527,2.10757
2019-08-01,26.3,23.5,30.1,26.9,4.6,,2.27785,2.21716
2019-08-02,28.4,24.7,33.1,,3,,2.01886,2.27617
2019-08-03,29.4,25.6,36,3,4.5,,2.15168,2.31832
2019-08-04,28.3,25,34.4,8.6,3.3,,2.42396,2.73141
2019-08-05,30.5,25.6,35.9,,3.2,,2.6099,2.63024
2019-08-06,31.6,27.9,36.8,,2.8,,2.90875,3.09391
2019-08-07,26.9,23.9,30.3,8,2.8,,2.80249,2.49536
2019-08-08,28.9,25.9,32.7,0,3.6,,2.68295,2.66396
2019-08-09,29.8,26,34.6,,4.1,,2.92203,3.30467
2019-08-10,31.5,26.6,36.5,,3.4,,2.61654,2.98431
2019-08-11,30.4,26.3,35.7,6.7,4.1,,3.1279,3.46484
2019-08-12,26.6,24.8,28.5,56.2,2.3,,3.25408,2.91687
2019-08-13,29.2,25.1,35.3,6.4,4.7,,4.46938,4.43432
2019-08-14,30.4,25.9,35.7,,3.1,,3.40018,3.6756
2019-08-15,25.9,23.9,28.6,16.2,2.7,,4.70846,3.75147
2019-08-16,25.9,23,29.5,0.1,5,,3.87833,3.22036
2019-08-17,25.9,23.4,28.8,0,4.6,,3.65254,3.82734
2019-08-18,25.6,22.6,30.7,,3.2,,4.051,4.61136
2019-08-19,26.3,21.2,31.3,,2.7,,4.56235,4.51863
2019-08-20,28.2,23.2,32.8,,3.2,,4.02443,4.43432
2019-08-21,27,24.4,30.4,1.3,3.2,,3.97131,4.16455
2019-08-22,26.9,23,31.4,,4.4,,3.9381,4.01281
2019-08-23,26.2,22.7,30.5,,4.4,,3.31385,3.53228
2019-08-24,24.1,21.5,27.3,,3.5,,4.13069,3.97909
2019-08-25,25,20.2,29.9,,4,,5.53194,4.957
2019-08-26,26.4,21.5,32.1,,4,,4.4893,5.20991
2019-08-27,25.7,22.2,29.3,20,2.5,,4.60884,4.6788
2019-08-28,26.1,23.6,30.2,,4.3,,4.69517,4.63665
2019-08-29,23.4,20.1,26.4,36.9,7.5,,4.98738,4.47647
2019-08-30,22.6,19.5,27,0.2,5,,4.86784,4.33316
2019-08-31,23.5,18.5,28.9,,4.7,,4.42289,4.39217
2019-09-01,23.7,19.2,27.8,,2.9,,5.9304,5.92648
2019-09-02,24.4,19.4,29.7,,3.5,,5.57178,5.84218
2019-09-03,24.1,22,28,0,3.8,,6.35542,7.4355
2019-09-04,22.8,21.2,25.5,22.7,4.5,,5.2995,5.74945
2019-09-05,23,21.5,27.6,36.4,5,,5.27958,5.20991
2019-09-06,25.3,21.6,29.1,2.4,3.4,,4.88776,5.32793
2019-09-07,25.7,22.6,29.5,2.8,11.8,,5.50537,5.65671
2019-09-08,24.7,22.9,27.3,0,4.8,,5.89719,6.44073
2019-09-09,25.1,22.4,28,0,3.6,,5.57843,6.60091
2019-09-10,23.8,22.1,26.5,63.2,4,,4.55571,5.95177
2019-09-11,24.3,20.4,28.7,7.6,4.7,,4.92097,6.1541
2019-09-12,21,18.7,22.9,3.9,4.8,,5.13348,5.54712
2019-09-13,23.3,18.3,29.3,0.1,3.5,,5.59835,5.66514
2019-09-14,22.4,20.8,24.1,0.3,2.9,,6.25581,6.53346
2019-09-15,24.2,19.5,30,,4.1,,6.75388,8.04248
2019-09-16,24.5,20.7,30.5,,4.5,,7.39806,8.66632
2019-09-17,23.5,18,29,,4.4,,6.1894,7.01399
2019-09-18,21,16,25.4,,4.9,,5.89719,6.95498
2019-09-19,19.5,13.6,26,,4.3,,6.54801,7.30062
2019-09-20,19.6,15.8,24.2,,3.5,,6.47496,7.46922
2019-09-21,19.6,18.3,22.1,,3.7,,7.46447,8.85179
2019-09-22,18.6,17.3,19.6,0.4,6.4,,10.37322,11.92041
2019-09-23,20,16.9,24.6,,5,,9.39699,8.86022
2019-09-24,19.8,13.9,26.5,,3.5,,10.22712,13.08379
2019-09-25,20.9,14.8,27.4,,3,,7.60393,9.80441
2019-09-26,22.9,17.7,29,,3.3,,6.85349,8.26167
2019-09-27,22.9,19.6,27,,3.1,,6.02337,7.79801
2019-09-28,23.7,19.4,29.2,,3.3,,5.61827,6.85381
2019-09-29,22.6,17.9,28.6,,4,,6.74724,7.93289
2019-09-30,22.4,16.4,29.9,,3.4,,5.90383,7.81487
2019-10-01,23.1,17.6,28.2,,4.4,,7.43126,9.67796
2019-10-02,21.6,20,24.2,23.1,5.5,,6.53473,7.67998
2019-10-03,22.4,19.8,27.3,4.6,4.9,,6.61442,7.87388
2019-10-04,22.4,18,27.8,,3.9,,6.29565,7.51981
2019-10-05,18.7,14.7,21.9,0.6,4.6,,7.85628,9.33232
2019-10-06,18.1,13.2,22.7,,4.8,,9.92163,12.09745
2019-10-07,14.8,13.3,17.9,25.4,3.6,,14.00584,16.48963
2019-10-08,14.7,10.6,19.8,,6.2,,15.51334,16.01753
2019-10-09,13.6,7.7,20.4,,3.8,,18.93345,20.35912
2019-10-10,15.2,10.7,19.8,,2.8,,19.64404,20.08936
2019-10-11,18.8,13,26.1,,4.9,,14.41758,17.29893
2019-10-12,17.9,13.3,23.3,,6.7,,13.189,15.0902
2019-10-13,17.2,12.1,23.8,,4.1,,13.85974,16.203
2019-10-14,14.4,9.5,19.6,,5.1,,16.2837,18.38644
2019-10-15,14.5,8.8,20.4,,4.3,,18.96002,23.29286
2019-10-16,14.6,9,20.8,,3.6,,19.39168,22.7196
2019-10-17,15.4,11.2,21.6,,3.5,,20.74644,23.84926
2019-10-18,17,12,22.7,,4.3,,16.01806,20.01348
2019-10-19,17,12.1,23.1,,3.7,,14.13866,15.89951
2019-10-20,16.5,12,22.9,,3,,16.32354,19.53296
2019-10-21,17.1,10.9,24.6,,2.4,,15.97821,20.68791
2019-10-22,18.1,13.3,24.4,,3.3,,13.61402,17.45911
2019-10-23,17,14.3,20.7,,4.4,,13.87302,16.98701
2019-10-24,18.3,15.3,23.8,,5.1,,13.8531,17.57713
2019-10-25,16.7,13.1,22,0,5.6,,14.00584,18.15882
2019-10-26,10,6.6,14.9,,5.2,,21.12498,23.79868
2019-10-27,11,4.7,17.4,,4.2,,28.62265,32.92867
2019-10-28,12.9,7.4,17.7,1.7,4.7,,33.90888,38.08801
2019-10-29,12.5,8.2,17.6,0.1,5.2,,30.82746,35.4409
2019-10-30,11.2,5,17.7,,3.8,,36.90397,44.21682
2019-10-31,14.8,8.4,19.7,,5.2,,27.02882,29.86848
2019-11-01,14.9,11.4,20.5,,3.9,,22.586,27.59231
2019-11-02,13.6,8.3,18.7,,2.9,,25.18262,28.39318
2019-11-03,14.7,9.4,22.1,,4.7,,25.56116,30.94756
2019-11-04,13.8,9.2,20.3,,3.7,,24.83065,30.17197
2019-11-05,12.4,8.4,18.4,,3.8,,26.40456,34.08362
2019-11-06,11,6.3,16.5,,4.4,,29.85788,38.17231
2019-11-07,9.2,5,13.6,,5.3,,41.20733,45.90288
2019-11-08,6.8,1.1,13,,4.4,,72.82507,82.09408
2019-11-09,9.5,3.5,17.2,,4.2,,54.78151,62.35036
2019-11-10,10,6.2,15.3,11.8,3.8,,59.58958,63.40414
2019-11-11,11.2,7.9,15.1,1.1,4.8,,52.43724,54.41746
2019-11-12,9.3,4.8,14.5,,2.7,,47.17093,51.05378
2019-11-13,7.2,3,11.3,7.5,6,,63.44136,66.44747
2019-11-14,1.3,-2.5,5,,5.8,,100,100
2019-11-15,5.6,1.4,7.6,18.8,3.5,,77.27453,81.34378
2019-11-16,6.8,3.8,12.7,,3,,57.65705,60.1079
2019-11-17,8.3,5.6,10.5,21.1,6.4,,59.71576,63.81723
2019-11-18,4.6,0.4,12.7,14.7,7,,79.06096,76.60596
2019-11-19,0.2,-3.5,4,0,5.8,,97.85496,91.57814
2019-11-20,0.5,-4.6,6.3,,4.6,,80.46221,80.36587
2019-11-21,4.2,-2.3,9,,4.2,,59.33722,61.16169
2019-11-22,9.7,3,17.3,,4.8,,40.68269,44.34328
2019-11-23,12.1,7.7,17.7,,3.6,,34.90503,38.77929
2019-11-24,9.8,4.6,15.6,3.8,6,,38.7568,42.17669
2019-11-25,1.9,-1.2,6,,5.9,,45.03254,48.06946
2019-11-26,6.6,1.2,13.7,,4.5,,40.15141,40.32203
2019-11-27,3.1,0.3,6.8,,4.6,,40.69597,40.82785
2019-11-28,3.5,-0.6,10.4,,4.3,,39.66662,36.95835
2019-11-29,1.5,-3.4,6.9,,4,,36.20666,36.22491
2019-11-30,4.1,-1.4,9.3,,3.4,,37.87355,38.33249
2019-12-01,4.6,2.3,6.2,3.3,4.1,,46.90529,46.65317
2019-12-02,-0.1,-3.2,2.8,,6.2,,50.07305,49.43517
2019-12-03,0.5,-5,4.2,0.6,3.6,,54.04436,48.58371
2019-12-04,2,-2,7.2,0,4.4,,44.136,41.41797
2019-12-05,-4.4,-8.5,-0.2,,6,,53.89161,47.33603
2019-12-06,-5.9,-10.6,-1,,3.8,,54.83463,50.51424
2019-12-07,-2.4,-5.5,1.2,0.1,3.1,0,45.43764,44.41915
2019-12-08,-0.9,-5.5,4.9,,3.2,,44.55438,43.77002
2019-12-09,3.2,-1.3,8,0,3.9,,37.97317,35.55049
2019-12-10,8.1,6,10.8,1.7,3.5,,30.89387,30.13825
2019-12-11,6.3,0.1,9.8,0.2,7.2,,28.58281,27.52486
2019-12-12,-0.7,-3.5,3.4,,4.2,,28.73555,26.87573
2019-12-13,2.1,-3.7,5.9,1,4.3,,25.54788,24.82717
2019-12-14,2.7,-0.1,6.4,0,5.3,,26.79638,26.27718
2019-12-15,5.3,0.4,11,,3.6,,27.40071,27.20451
2019-12-16,7.8,2.1,12.9,,3.2,,21.93518,21.74169
2019-12-17,7.7,3.2,10.2,9.8,4.5,,21.23123,20.87337
2019-12-18,0.8,-1.7,5.2,,4.2,,21.60977,20.55302
2019-12-19,-0.8,-4.5,3.1,0,4.8,,23.92083,21.37076
2019-12-20,-1.1,-3.5,2,0,3.9,,22.97117,21.6321
2019-12-21,-1.2,-5.1,1.5,0.6,2.9,,23.88763,22.51728
2019-12-22,4.1,0.3,8.4,0.3,3.5,,25.16934,24.5827
2019-12-23,3.4,0.3,5.2,2.9,4.2,,20.8859,20.94081
2019-12-24,0.8,-2.9,6.5,,3.1,,15.73914,16.95329
2019-12-25,2,-2.7,6.6,,3.2,,19.59091,20.61203
2019-12-26,2,-2.4,4.1,0.3,5.2,,19.73037,18.86697
2019-12-27,-1.7,-4.6,2.6,,4.3,,19.59091,17.9312
2019-12-28,1.1,-3.6,6.1,,3.7,,19.82334,18.52975
2019-12-29,3.8,1.1,6.2,1.4,4.4,,20.98552,19.60883
2019-12-30,2.7,-5.7,6.8,0.4,7.4,,18.48851,16.85213
2019-12-31,-7.9,-10.9,-4.5,0,7.5,,18.65453,18.15039
2020-01-01,-2.2,-6.5,0.3,0.1,2.6,0,16.816,16.04987
2020-01-02,1,-0.7,3.8,,4,,15.18684,13.62295
2020-01-03,-0.1,-3.4,4.6,,3.5,,12.9111,11.65191
2020-01-04,1.2,-2.8,6.1,,4.5,,13.37949,12.01394
2020-01-05,1.3,-3.2,6.6,,2.9,,14.1177,12.21507
2020-01-06,3.1,0.6,4.6,1.8,5.4,,12.94165,10.74684
2020-01-07,6.3,4.2,7.7,46.3,6.3,,11.2514,9.7211
2020-01-08,2.4,-0.4,8.9,11.6,6.3,,11.29722,9.73451
2020-01-09,-1.2,-3.1,2,,4.3,,11.54668,9.31214
2020-01-10,-0.6,-4.3,4.2,,3.7,,10.14662,8.65513
2020-01-11,-0.1,-2.6,3.9,,4.8,,10.63028,9.53338
2020-01-12,-1,-3.5,2.8,,4.1,,12.77364,11.77929
2020-01-13,-2.9,-4.7,0.2,,4.9,,12.1118,11.86645
2020-01-14,-2.3,-5.7,2.6,,3.3,,12.53436,9.60713
2020-01-15,-2.7,-6.4,2.2,,4.5,,11.97943,8.97693
2020-01-16,-1.7,-5.5,3.2,,4.4,,11.84197,8.50764
2020-01-17,-0.6,-4.8,4.9,,3.8,,10.07025,8.2931
2020-01-18,0.3,-4.1,5.9,,4.2,,11.15466,8.96352
2020-01-19,1.9,-0.4,5.3,0.6,6.1,0.3,11.42449,9.80155
2020-01-20,0.7,-3.3,5.5,,5.7,,9.43895,7.73665
2020-01-21,-0.4,-5.6,5.5,,3.5,,9.20985,7.46849
2020-01-22,3,-0.1,7.8,,3.2,,7.63669,6.14776
2020-01-23,4.6,0,9.9,,4.7,,6.34354,5.51756
2020-01-24,2.8,-1.3,7.4,,3.7,,6.1399,5.52426
2020-01-25,4.3,0.6,8.8,,3.9,,6.66938,5.84607
2020-01-26,5.5,-0.2,11.9,,6.1,,7.00539,6.19469
2020-01-27,5.9,4.8,7.5,0.1,7,,8.47673,6.57683
2020-01-28,6.8,4.3,9.9,0,5.4,,6.92393,5.16224
2020-01-29,6,3.2,9.6,,3.6,,6.41991,5.16894
2020-01-30,5.2,1.4,10.4,,3,,6.43518,4.3041
2020-01-31,3.9,1.4,8.9,0,4.4,,5.98207,4.33091
2020-02-01,2.6,-1.2,7.6,,4.7,,6.52173,4.84714
2020-02-02,1.5,-2.1,5.3,,4.7,,6.76102,6.09412
2020-02-03,-0.4,-2.9,3,0,5.7,,6.83229,5.23598
2020-02-04,-1.6,-6,3.9,1.7,6.2,0.8,7.17849,6.08742
2020-02-05,-8.3,-11,-4.9,,5.5,0.7,8.47164,6.17457
2020-02-06,-6.4,-11.8,0.4,,4,,8.15599,7.6562
2020-02-07,-1.7,-7.2,2.2,0,3.5,,6.89339,5.75891
2020-02-08,-0.1,-2.3,3.7,0,5.3,,7.53487,7.13327
2020-02-09,-0.5,-5.6,4.1,0,4.4,,7.81997,7.06623
2020-02-10,4,-0.7,9.6,0,4.2,,6.24681,5.1086
2020-02-11,6.8,-0.5,14.6,,3.6,,6.03299,4.82032
2020-02-12,7.4,6.5,8.2,6.7,5,,5.42205,4.33762
2020-02-13,6.5,4.9,8.7,,3.2,,4.65838,4.27058
2020-02-14,8.1,3.2,14.7,,3,,3.9558,3.70072
2020-02-15,9.8,6.2,15.6,2,5,,4.28673,3.51971
2020-02-16,-1.4,-4.3,7.7,13.4,6.6,3.9,6.03299,5.46393
2020-02-17,-5.9,-7.1,-3.9,1,5.6,5.5,6.64901,4.67953
2020-02-18,-4.1,-8.3,1.3,,4.1,2,5.63588,4.17672
2020-02-19,1,-4.4,6.4,,3.2,,5.1064,3.55993
2020-02-20,4.6,-0.6,10.8,,3.3,,3.9558,3.43925
2020-02-21,6.7,2.1,10.9,4.2,5.3,,2.95285,2.51407
2020-02-22,4,0,7.9,3.1,8.2,,3.34996,2.88281
2020-02-23,2.5,-2.5,8,,4.2,,3.54342,3.30517
2020-02-24,7,0.8,12.2,,3.4,,2.84085,2.42692
2020-02-25,6.7,4.7,9.4,16.6,6.8,,2.70339,2.53419
2020-02-26,6.4,2.8,10.4,0,4,,2.81539,2.31965
2020-02-27,6.1,1.3,12.5,,4.4,,2.61175,2.33976
2020-02-28,4.5,3.6,5.9,3.9,4.2,,2.69829,2.35988
2020-02-29,7.7,4.5,13,0.5,4.2,,2.61684,2.27272
2020-03-01,5.8,3.2,10.1,0.2,4.7,,2.68302,2.5543
2020-03-02,3.4,0,7.6,0,4.9,,2.70848,2.05819
2020-03-03,4.8,0.3,10.5,,4.7,,3.23286,2.19227
2020-03-04,2.2,-1.3,4.6,0,6.8,,3.19213,2.90292
2020-03-05,1.4,-2.8,6.3,,4.1,,3.23286,2.25931
2020-03-06,3.7,-2.5,10.1,,3.6,,2.83066,1.97103
2020-03-07,7,1.3,14.2,,4.1,,3.14122,2.47385
2020-03-08,9.3,2.3,16.9,,4.6,,2.5201,2.35317
2020-03-09,11.1,4.8,17.6,,4.5,,2.83576,2.19898
2020-03-10,6.4,3.2,10.8,11.8,5.3,,2.5201,2.30624
2020-03-11,3.8,0,8.3,,5.5,,3.03431,2.13864
2020-03-12,6.8,0.2,13.3,,5.4,,2.5201,1.89729
2020-03-13,4.9,-0.1,8.7,0.5,5.4,,2.63211,1.95762
2020-03-14,3.6,-2.7,8.6,,6.8,,2.78484,2.19898
2020-03-15,4,0.2,8.5,,7.8,,3.20232,2.54089
2020-03-16,3.6,-2.1,9.1,,5.2,,3.12595,1.97103
2020-03-17,6.6,3.1,12.3,,5.2,,2.58629,1.98444
2020-03-18,10,2.7,17,,4.4,,2.26046,1.83024
2020-03-19,9.1,5.8,12.1,0,8.2,,2.60665,1.95762
2020-03-20,8.8,3.1,14,,6.6,,1.98045,1.68275
2020-03-21,12.8,7.9,19.5,,5.1,,1.66479,1.51515
2020-03-22,11,6.1,16.5,,5.6,,1.6597,1.46822
2020-03-23,10.6,5.4,17,,4.8,,1.67498,1.50174
2020-03-24,11.4,5.3,17.9,,4,,1.47642,1.27379
2020-03-25,12.5,6.1,19.2,,5.3,,1.21168,1.14641
2020-03-26,14.8,8.1,20.6,1.8,5.3,,1.19641,1.02574
2020-03-27,11.9,6.7,15.8,2,5.8,,1.23714,1.26039
2020-03-28,7.7,4.5,12.8,,5.5,,1.3186,1.27379
2020-03-29,8.7,1.3,16.1,,4.6,,1.58334,1.54196
2020-03-30,10.2,4.3,16.9,,4.1,,1.23714,1.2805
2020-03-31,11.9,4.7,18.6,,4.4,,1.03859,1.15982
2020-04-01,11.3,6,17.4,,7.3,,1.21168,0.99892
2020-04-02,9.3,3.4,15.5,,5.5,,1.15059,1.26039
2020-04-03,10,5.3,16.3,,5.7,,1.21678,0.91847
2020-04-04,8.9,5,13.3,,6.3,,1.3186,1.2805
2020-04-05,7.2,1.9,13.7,,5.4,,1.2575,1.56208
2020-04-06,9.3,2.9,16.1,,5.9,,1.27787,0.87154
2020-04-07,10.6,6,16.8,,5.1,,1.17096,1.07267
2020-04-08,9.4,5.2,14.2,,5.9,,1.15568,1.13971
2020-04-09,8.9,4.3,14.7,,5.7,,1.20659,1.30061
2020-04-10,10.7,5.8,16.8,,4.1,,1.03859,0.9654
2020-04-11,9.9,6.2,16,,4.9,,1.15568,1.1263
2020-04-12,9.9,4.4,15.6,,7.4,,1.19641,1.34754
2020-04-13,12.4,4.3,20.4,,5.5,,1.16586,1.29391
2020-04-14,13,7.6,19.6,,5.3,,0.93676,0.7978
2020-04-15,13.2,7.2,20.2,,5.6,,0.90113,0.94529
2020-04-16,16,8.9,23.8,,4.5,,0.6313,0.85813
2020-04-17,12.5,10.4,15.4,6.5,4.8,,0.83494,0.89836
2020-04-18,13.5,8.5,19.6,,4.8,,0.73312,0.90506
2020-04-19,12.3,9.5,15.5,10.3,5.2,,0.96222,0.79109
2020-04-20,10,7.6,13.1,0.1,6.8,,0.96222,1.17994
2020-04-21,7.4,4.8,10.4,,8.9,,2.03645,1.56208
2020-04-22,6,4.1,8.3,0,6.4,,2.93758,2.52078
2020-04-23,7.9,2.9,12.8,,7.9,,2.11281,1.99115
2020-04-24,9.9,4.1,14.3,,8.2,,1.53243,1.1196
2020-04-25,13.1,9.9,17.1,,7.8,,0.90622,0.79109
2020-04-26,12.3,6.8,19,,6.5,,0.76876,1.00563
2020-04-27,12.9,8.7,18.3,,5.5,,0.96222,1.00563
2020-04-28,13.9,7.8,19.9,,5.5,,3.04449,5.5846
2020-04-29,14.9,9.3,21,,5.2,,1.44079,2.49396
2020-04-30,17.1,9.3,23.4,,5.9,,0.98767,1.17994
2020-05-01,20.2,16.4,26.2,,5.5,,0.75857,0.84473
2020-05-02,20.3,18,23.9,0,4.6,,0.59566,0.78439
2020-05-03,21.8,17,27.4,0,3.9,,0.73312,0.83802
2020-05-04,20.2,14.8,25.3,,4.6,,0.67712,0.71064
2020-05-05,16,13.1,19.3,,5.3,,0.76876,0.92518
2020-05-06,19.4,11.1,27.6,,4.4,,0.6262,0.91847
2020-05-07,20.7,14.9,26.5,,4.3,,0.71784,0.75757
2020-05-08,19.9,14.3,27.3,2.3,4.5,,0.54984,0.67712
2020-05-09,14.2,12.7,16.8,24.4,5.9,,0.57529,0.99222
2020-05-10,14.4,12.8,16.6,1.3,4.1,,0.7433,0.7978
2020-05-11,16.5,12.4,22,3.4,5.6,,0.69748,0.77098
2020-05-12,14.3,10.5,18.9,0.7,5.4,,0.72803,0.68382
2020-05-13,16.1,10.2,21.8,,6.5,,0.63639,0.87154
2020-05-14,19.3,12.4,25.4,,4.3,,0.69239,0.71735
2020-05-15,16.1,14.1,20.2,12,5.3,,0.61093,0.91847
2020-05-16,16.7,15,20.3,2.5,3.3,,0.58038,1.30061
2020-05-17,19.1,14.6,24.9,0,4.3,,0.75857,1.16653
2020-05-18,19.1,13.2,26.8,29.8,7.2,,0.65675,0.94529
2020-05-19,13,10.1,17.1,19,7.2,,0.89094,1.08608
2020-05-20,14.4,9.2,20.1,0,3,,0.76876,1.17994
2020-05-21,17.4,10.9,22.9,,3.3,,0.68221,0.87154
2020-05-22,18.5,14.8,22.7,0,4.9,,0.70257,0.88495
2020-05-23,20.1,16.6,25,0,4.7,,0.67712,0.89836
2020-05-24,17.1,14.3,20.2,14.5,6.5,,0.67202,0.9654
2020-05-25,16.6,13.7,21.3,,3.8,,0.72294,0.78439
2020-05-26,16.2,12.7,22.9,1.5,5.4,,0.72294,0.83802
2020-05-27,17.4,11.8,23.9,,5.9,,0.53965,0.71735
2020-05-28,18.7,14.2,23.4,0,3.9,,0.53456,0.57656
2020-05-29,20.7,14.6,27.6,,4.1,,0.52947,0.69053
2020-05-30,22.6,16.5,30,,4.3,,0.54475,0.84473
2020-05-31,21.2,17.6,28,1,5.7,,0.53456,1.05926
2020-06-01,19.7,16.6,24.5,0.4,6.2,,0.52438,0.69053
2020-06-02,17.9,14.8,21.8,2,4.1,,0.56002,0.84473
2020-06-03,22,17.6,28.4,,5.6,,0.63639,0.55644
2020-06-04,21.9,19.7,26.5,0.2,4.7,,0.57529,0.6436
2020-06-05,23,18.4,28.7,,3.8,,0.64148,0.60337
2020-06-06,24.6,19.2,30.9,,4.4,,0.59566,0.75087
2020-06-07,22.7,19.2,29.2,,5.1,,0.82985,0.88495
2020-06-08,25,19.8,32,,5.5,,0.63639,0.8045
2020-06-09,26.7,20.3,32.8,,4.3,,0.69239,0.86484
2020-06-10,25.8,22.5,32.1,6.2,6.2,,0.71784,0.8112
2020-06-11,26.1,21.7,31.6,0,4.6,,0.52438,0.90506
2020-06-12,24.7,21.6,27.6,,3,,0.61602,0.75757
2020-06-13,26.9,20.6,33.5,0,5,,0.50402,0.69053
2020-06-14,24,20.1,28.8,1.1,5.9,,0.64657,0.95199
2020-06-15,23,18.2,28.6,,6.3,,0.71275,0.85813
2020-06-16,24.4,20,30.7,,4.4,,0.66693,0.70394
2020-06-17,24.3,20.2,30.3,,4.3,,0.70766,0.91177
2020-06-18,23.4,20.3,27.3,,3.4,,0.70257,0.97881
2020-06-19,24.7,21.1,30,0.1,4.2,,0.67712,1.07267
2020-06-20,24.9,20.7,29.7,,4.6,,0.74839,1.17994
2020-06-21,26.1,19.5,32.7,,4.5,,0.80439,1.17323
2020-06-22,28.6,21.7,35.4,,4.1,,0.79421,0.98551
2020-06-23,27.3,23.2,31,0,3.7,,0.88076,0.99892
2020-06-24,22.3,19.9,26.3,37.6,5.7,,1.01313,1.04585
2020-06-25,21.6,20.1,23.4,13.3,4.3,,0.93676,1.13301
2020-06-26,21.8,19.2,25.7,2.1,5.3,,0.88076,0.99892
2020-06-27,24.1,20.4,29.6,0,5.4,,0.75857,1.08608
2020-06-28,25.2,21.5,30.1,,4.7,,1.08441,1.26039
2020-06-29,23.8,20.6,26.5,11.9,5.9,,0.86549,0.91847
2020-06-30,20.1,18.4,23.1,64.7,7.6,,0.81458,1.03915
2020-07-01,21.1,18.1,24.3,0,3.7,,1.0284,1.03915
2020-07-02,24.2,20.4,29.8,,3.4,,0.82985,0.95199
2020-07-03,25.5,21.6,30.6,0.1,6.1,,0.98767,1.11289
2020-07-04,24.2,20.4,29.5,1.6,4.4,,0.9164,0.94529
2020-07-05,23.8,19.9,27.6,,3.5,,0.97749,1.23357
2020-07-06,25.6,21.8,30.9,,4.7,,0.77385,1.22687
2020-07-07,24.1,22.1,28.1,0,4,,1.06404,1.10619
2020-07-08,25.5,21.3,30.4,,3.7,,0.9164,1.26709
2020-07-09,27.5,21.8,32.9,,3.6,,0.81967,0.97881
2020-07-10,24.5,22.7,27.7,2.2,6.6,,0.86549,1.09949
2020-07-11,25.8,22.2,30.2,,5,,1.27787,1.51515
2020-07-12,23.5,21.7,26,2.9,3.6,,1.22696,1.81013
2020-07-13,18.7,17.7,21.7,47.6,5.9,,1.23205,1.40788
2020-07-14,20.3,17.2,24.3,11.5,4.4,,1.18623,1.34754
2020-07-15,23.4,18.9,28.7,,3.4,,1.06913,1.42799
2020-07-16,25,20.4,29.7,,3.5,,0.98767,1.1263
2020-07-17,26,21.5,31.6,0,5.6,,1.10986,0.99892
2020-07-18,26.1,22.8,31,,4,,0.99277,1.32072
2020-07-19,24,20.6,26.6,29.1,4.3,,0.98258,1.54867
2020-07-20,23.8,22.4,26.6,3.6,7,,1.04877,1.70286
2020-07-21,25,21.4,30.5,0,4.2,,1.24223,1.40788
2020-07-22,23.7,22.6,25.7,11.5,3.4,,1.28296,1.4347
2020-07-23,21.1,18.5,22.6,103.1,8.3,,1.17605,1.57548
2020-07-24,22.5,18.7,26.8,2.9,8.7,,1.1455,1.41458
2020-07-25,24.3,22.3,29,0,6.1,,1.32878,1.79672
2020-07-26,25.4,21.6,29.6,0,3.3,,1.38987,1.74309
2020-07-27,24.3,22.9,25.5,2.2,3.2,,1.1455,1.2805
2020-07-28,24.4,22.7,26.4,0.4,3.1,,1.28805,1.70957
2020-07-29,23.7,22.6,24.9,50.1,3.4,,1.18623,1.64253
2020-07-30,25.3,23.4,28.4,0.1,3.8,,1.38987,1.41458
2020-07-31,26.2,22.8,29.6,1.5,4.6,,1.40515,1.2872
2020-08-01,25.3,24.3,26.9,39.1,4.9,,1.33387,1.46822
2020-08-02,24.9,23.5,26.4,31.4,7.5,,1.62916,1.95762
2020-08-03,25,23.9,26.3,102.6,8.3,,1.55279,1.70286
2020-08-04,27,25,29.4,3.9,5.7,,1.80735,1.72968
2020-08-05,26.5,25.5,29.1,18.5,4.6,,2.04154,1.52185
2020-08-06,24.1,22.9,26,75.7,6.5,,1.99572,1.73639
2020-08-07,24.3,22.6,26.1,0,3.3,,1.61897,1.56208
2020-08-08,24.2,22.7,26.1,19.1,3.7,,1.81753,1.99115
2020-08-09,24.9,23.7,25.8,50.3,6.8,,2.15863,2.0716
2020-08-10,26.5,24.7,29.5,44.6,4.3,,1.92444,1.98444
2020-08-11,24.6,22.4,27.3,97,4.7,,2.03645,2.01796
2020-08-12,27.2,23.5,31.3,,4.3,,2.19936,2.27272
2020-08-13,28,26.3,30.3,,4.9,,2.08227,2.62134
2020-08-14,27.1,26.5,28,0.4,5.7,,2.32664,2.52078
2020-08-15,26.1,25,27,69,5.6,,2.41319,2.22579
2020-08-16,27.4,25.3,30.8,,5.2,,2.48447,2.41351
2020-08-17,28.2,26.1,32.2,,4.1,,2.50992,2.54089
2020-08-18,27.5,24,31.9,,3.6,,2.34701,2.29283
2020-08-19,27.1,23.6,31.4,,4.4,,2.5812,2.27943
2020-08-20,27.7,25,31.7,,4.2,,2.5252,2.77554
2020-08-21,26.6,25.2,29.2,2.5,3.5,,2.94776,2.56771
2020-08-22,24.3,21.7,27.6,42.6,5.5,,3.2685,2.99678
2020-08-23,25.3,21.5,29.9,,3.9,,3.57906,2.77554
2020-08-24,27.8,23.7,32,,4.9,,3.12595,3.09064
2020-08-25,29.9,26,34.5,,4.6,,3.26341,2.76883
2020-08-26,30.2,27,34.5,0.6,6.5,,3.6147,3.29847
2020-08-27,27.1,25.6,28.6,8.7,7,,3.60961,3.47948
2020-08-28,27.3,26,29.7,13.6,4.4,,3.11577,3.05711
2020-08-29,26.8,25.5,29,13.6,4,,3.95071,2.99678
2020-08-30,26.8,24.4,30.6,42.5,4.8,,4.03217,3.9957
2020-08-31,26.4,23.8,30,0,4.3,,3.85398,3.72754
2020-09-01,26.6,23.8,29.5,0,3.6,,3.81325,4.12979
2020-09-02,24.3,22.6,26.4,33.3,4,,4.1849,3.71413
2020-09-03,22.7,20,25.6,29.8,9.8,,4.23582,3.95548
2020-09-04,23.3,19.9,27.5,,5.6,,4.46492,3.9957
2020-09-05,23.3,19.2,27.3,,3.5,,5.03512,4.69965
2020-09-06,21.7,19.5,24.4,6.4,4.8,,6.56246,5.91311
2020-09-07,19.2,17.5,20.6,61,7.9,,8.12544,7.34781
2020-09-08,23.4,20.6,26.5,0,7,,5.99226,4.95441
2020-09-09,21.1,19,25.3,1.3,7.6,,5.51878,4.81362
2020-09-10,22.8,18.8,27,3.9,4.2,,4.59729,4.91418
2020-09-11,22.4,19.2,27.1,1.2,4.9,,5.7377,4.84043
2020-09-12,20.2,18.1,23.2,5.7,3.9,,5.70206,6.00026
2020-09-13,21.5,16.7,26.6,,3.5,,6.11953,6.0539
2020-09-14,21.3,17.6,24.9,0,4.3,,5.39659,5.83266
2020-09-15,23,18.9,27.7,,3.3,,4.52601,4.81362
2020-09-16,22.5,21.3,24.9,0.3,3.4,,4.84166,5.27621
2020-09-17,21.3,20.1,23.6,,3.7,,5.31004,5.46393
2020-09-18,21.5,18.1,25.8,,6,,4.81621,4.98793
2020-09-19,21.2,17.6,26.2,0.3,5.3,,4.99949,5.41029
2020-09-20,19.7,15.6,24.9,,4.9,,6.5981,6.72432
2020-09-21,19.1,13.6,25.3,,2.9,,6.32318,6.72432
2020-09-22,20.2,15.5,25.6,,4.6,,6.23154,6.60364
2020-09-23,19.2,15.2,23.8,,5.3,,6.33336,6.57012
2020-09-24,20.6,16.8,25.4,,5.7,,5.44241,6.24832
2020-09-25,20.1,16.6,25.4,,4.9,,5.36605,5.94663
2020-09-26,19.3,14.8,24.8,,6.2,,6.1959,6.42263
2020-09-27,20.4,14.9,25.8,,3.9,,7.16831,7.67632
2020-09-28,20.7,15.7,26.5,,3.6,,6.34864,7.20702
2020-09-29,19.6,15.3,23.9,,4.3,,5.34059,5.7455
2020-09-30,19.6,16.2,25.7,38.3,4.1,,5.11658,5.98685
2020-10-01,18.8,15.6,23.6,,4.7,,6.23154,6.44945
2020-10-02,19.2,16.3,21.9,0,5.2,,7.73342,7.42826
2020-10-03,19.9,18.3,23.2,0,3.6,,7.96762,7.8171
2020-10-04,16.6,10.6,21.8,0,7.2,,10.93574,11.02842
2020-10-05,13.3,8.5,18.4,,5.1,,17.17238,16.75382
2020-10-06,14.2,9.3,19.7,,4.1,,16.15925,17.12925
2020-10-07,16,9.9,22,,3.4,,13.92933,13.62965
2020-10-08,17.2,12.1,23.1,,5.4,,11.49577,12.51676
2020-10-09,17.2,12.4,23.3,,5.2,,11.90306,12.08769
2020-10-10,16.9,12.3,21.5,,3.8,,11.16485,11.99383
2020-10-11,16.9,12.7,20.8,,4.1,,12.28999,13.97157
2020-10-12,16.2,12.1,21.3,,4.6,,11.02229,12.51005
2020-10-13,13.6,8.6,18.4,,4.7,,14.05661,14.91016
2020-10-14,12.8,8.5,18,,5.8,,18.11424,17.61196
2020-10-15,11.7,6.5,18.5,,3.7,,23.81631,23.096
2020-10-16,11.8,8.6,15.4,,2.5,,22.76753,21.3395
2020-10-17,13.1,8.7,18.6,,4.3,,19.67722,18.93268
2020-10-18,13.6,7.2,20.2,,3.9,,21.88677,22.44569
2020-10-19,15.1,9.8,21.3,,3.4,,19.71795,20.97747
2020-10-20,15.2,9.9,21.7,,3.1,,17.16729,18.08795
2020-10-21,14.1,11.8,17.3,,3.8,,17.30475,18.57736
2020-10-22,13.5,8.4,18.2,0,5.7,,19.42775,21.10485
2020-10-23,8.6,5.4,13.3,,5.5,,34.8997,31.59694
2020-10-24,8.7,3.2,14,,5.9,,41.82873,39.07884
2020-10-25,11.8,5.4,18.2,,3.8,,37.95438,35.92115
2020-10-26,12.9,8,19,,4.4,,29.59983,29.75998
2020-10-27,14,9,19.4,,3.4,,24.97708,26.2872
2020-10-28,13.8,8.6,18.2,,4.8,,21.4642,23.47144
2020-10-29,10.8,5.5,16.1,,4.5,,26.57061,26.87717
2020-10-30,11.9,5.8,19.6,,3.2,,23.00682,22.76749
2020-10-31,13.6,8.5,18.2,,5,,23.08828,22.80772
2020-11-01,13.7,11.6,15,13.6,4.5,,34.99134,33.80262
2020-11-02,10.8,7.9,15.6,1.7,4.9,,32.44068,31.81818
2020-11-03,5.1,2.7,8.6,0.5,8.4,,81.44791,79.08286
2020-11-04,4.9,0.2,10.8,,4.2,,100,100
2020-11-05,9.6,3.4,15.9,,3,,58.46655,56.49637
2020-11-06,13.5,9.9,17.2,,3.3,,37.98493,38.58272
2020-11-07,14.6,12.2,18.1,0.1,4.9,,34.64514,34.43282
2020-11-08,8.5,3.1,12.4,,6.2,,44.70522,46.27916
2020-11-09,5.5,0.7,8.9,,4,,57.59596,54.80691
2020-11-10,7.7,3.5,12.9,,5,,45.95764,43.91928
2020-11-11,9.3,3.5,16.5,,2.6,,37.3129,36.7927
2020-11-12,10.4,4.6,17.7,,3.4,,29.97148,32.10646
2020-11-13,12.2,8.5,17.6,,3,,24.5647,25.58326
2020-11-14,12.5,6.8,19.3,,4,,26.83026,27.46044
2020-11-15,11.1,8.2,14.9,,3.7,,28.13359,29.41137
2020-11-16,12.4,7.5,18.3,,4.1,,24.1065,26.66934
2020-11-17,15.9,11.7,20,0.1,4.5,,19.90123,20.93054
2020-11-18,16.6,14.8,18.7,12.2,3.6,,19.25974,18.76508
2020-11-19,13.6,6.9,19.1,86.9,7.3,,20.69035,19.64333
2020-11-20,2.8,0.3,7,0,5.6,,36.53395,33.20595
2020-11-21,6.5,-0.3,12.8,0.2,4.8,,34.46186,33.40037
2020-11-22,5.6,1.5,9.1,4.8,5.7,,43.3357,40.78841
2020-11-23,1.7,-1.5,5.9,,4.9,,59.97861,59.34566
2020-11-24,2.9,0.2,6.4,,3.8,,44.73577,39.64869
2020-11-25,4.6,0,9.5,,3,,38.5144,35.21721
2020-11-26,5.6,1.9,10.9,,3.6,,33.47418,30.81925
2020-11-27,4.1,0.6,7.7,0,5.3,,33.27563,30.81925
2020-11-28,-0.1,-2.3,2.8,,5.3,,44.5423,42.21641
2020-11-29,-0.6,-3.6,2.6,,4.5,,50.44292,48.21668
2020-11-30,-0.2,-3.6,4.3,,4.6,,47.6988,43.02762
2020-12-01,1.1,-3.6,6.7,,4,,45.30597,40.28559
2020-12-02,2.4,0.5,6.1,,3.9,,37.89838,34.15795
2020-12-03,0.7,-2.3,4.2,,4.9,,36.3914,32.60927
2020-12-04,-0.6,-4.6,4.4,,4.3,,32.66469,31.43604
2020-12-05,2.1,-2.2,6.6,,3.9,,34.68078,32.28077
2020-12-06,4.5,1.2,9.1,,4.3,,33.60655,33.11879
2020-12-07,3.4,-0.7,6.3,,5.6,,28.39323,28.78117
2020-12-08,-0.5,-3.5,4.1,,3.9,,31.01008,30.30973
2020-12-09,1.5,-4.1,6.2,,3,,29.04999,26.41458
2020-12-10,5.8,3.2,9.3,0,3.5,,27.0899,25.85813
2020-12-11,5.3,2.6,9.4,,4.5,,22.45697,21.88924
2020-12-12,2.3,-0.3,6.1,,4.8,,26.23969,26.33413
2020-12-13,-1.1,-6,2,2.9,6.1,3.2,35.3579,35.37141
2020-12-14,-7.7,-9.7,-5,,5.3,1.7,39.88901,37.91901
2020-12-15,-8.3,-11.1,-4.6,,5.2,1,40.79014,39.73585
2020-12-16,-8.3,-11.2,-3.9,,4.6,0.8,37.52163,34.31885
2020-12-17,-4.9,-11.1,0.8,0,3.7,0.7,30.03258,28.42585
2020-12-18,-2.1,-6.4,1.8,0.2,5.4,0.6,24.41197,23.38428
2020-12-19,-5.1,-9.6,-1.2,,5.1,,26.22441,25.44918
2020-12-20,-3.7,-8.2,1.1,,4.4,,26.56552,26.49503
2020-12-21,-1,-6,4.7,,3.7,,20.71581,21.41995
2020-12-22,2,-2.5,7.2,,4.7,,18.17024,18.11477
2020-12-23,4.5,-0.4,8.5,0,5.1,,15.50758,15.63421
2020-12-24,2.6,-2,6.1,,6.5,,12.96202,13.7034
2020-12-25,-0.8,-4.7,3.5,,4.7,,14.58609,14.71574
2020-12-26,2.2,-2.1,8,,3.9,,14.48426,14.56154
2020-12-27,5.8,1.4,10,0,2.8,,15.67559,16.0834
2020-12-28,6.7,4.2,11.4,1.3,3.1,,13.01802,12.07428
2020-12-29,0.1,-6.2,4.3,0.2,6.1,,14.45372,12.1145
2020-12-30,-10.9,-12.9,-6.2,,6.2,,19.28011,16.86779
2020-12-31,-8.9,-12.9,-5,0,4.2,,14.89155,14.52131
2021-01-01,-4.2,-9.8,1.6,,4.1,,18.01582,20.41502
2021-01-02,-5,-8.4,-1.4,,5.4,,18.95318,19.96391
2021-01-03,-5.6,-9.1,-2,,4.5,,20.24815,19.98031
2021-01-04,-3.5,-8.4,0.3,0,3.2,0,18.29215,18.27427
2021-01-05,-5.5,-9.9,-2.1,0,5.7,0,19.26202,18.59416
2021-01-06,-7.4,-12,-1.9,2.3,8.1,3.8,20.4703,20.11154
2021-01-07,-14.5,-16.5,-8.4,,8.3,3.3,25.55808,22.89206
2021-01-08,-14.9,-18.6,-10.7,,6.1,1.1,22.05786,21.74376
2021-01-09,-12.2,-16.6,-7.5,,6.5,1,24.31729,24.32742
2021-01-10,-7.7,-12.8,-2.7,,2.6,0.7,22.29627,22.13746
2021-01-11,-6.7,-9.6,-4,,3.5,0.4,17.72865,17.33103
2021-01-12,-3.9,-9.3,-0.5,2.6,3.4,5.1,16.52579,15.18208
2021-01-13,2,-3,8.3,0,4.9,5,14.89488,12.99212
2021-01-14,1.7,-3.6,7,,3.9,,11.76311,10.29363
2021-01-15,4.5,-0.7,9.9,0.2,5.8,,9.48742,8.80085
2021-01-16,-4.9,-8.7,-0.7,,5.2,,12.40247,11.58956
2021-01-17,-5.5,-10.8,-1.3,0,4,0.1,14.88946,14.0748
2021-01-18,-3.8,-9.1,0.2,0.3,8.6,1,13.10684,11.24507
2021-01-19,-6.3,-11.6,-0.2,,4.7,,12.4133,12.36056
2021-01-20,-0.1,-6.6,7.1,,4.3,,13.42652,11.54855
2021-01-21,4.5,2.5,7,9.2,3.8,,11.89315,9.85072
2021-01-22,5.5,4.8,6.6,0.1,3.2,,9.46033,8.18569
2021-01-23,7.6,4.8,12.2,,5.8,,9.77459,9.16174
2021-01-24,7.3,2.4,13.9,,4.7,,9.3628,9.26017
2021-01-25,7.9,3,13.9,,3.6,,7.94863,7.27526
2021-01-26,5.3,1.7,7.4,1.7,3.8,,7.89986,6.86515
2021-01-27,1.7,-1.8,6.5,,5.2,,7.38513,7.062
2021-01-28,-2.6,-9.7,1.4,2,8.7,3.6,8.61508,7.96423
2021-01-29,-8.8,-11.6,-4.9,,7.3,0.7,8.92392,7.80019
2021-01-30,-1.6,-8.1,5.2,0.5,4.8,0.8,8.62592,7.87401
2021-01-31,3.2,-3.8,8.7,,4.4,,8.55006,8.42355
2021-02-01,5,-2.3,9.5,0.7,6.7,,7.43389,6.29921
2021-02-02,-5.6,-8.2,-2.4,0,5.9,,7.94863,6.79133
2021-02-03,-3.2,-9.4,1.4,3.4,4.5,4.2,8.11118,6.98818
2021-02-04,-3.6,-7.4,0.7,0.1,5.3,4.3,7.3472,6.83234
2021-02-05,1.4,-4.4,6.7,,5.1,1.4,6.1931,6.61909
2021-02-06,6.8,4.3,9.5,,4.6,,6.62657,6.07775
2021-02-07,3.6,-2.6,7.7,,5.3,,6.64824,6.84055
2021-02-08,-3.1,-5.4,0.2,,6.3,,6.89206,5.46259
2021-02-09,-0.9,-6.1,4.7,,4.8,,5.99263,4.97047
2021-02-10,3.4,-1.5,7.2,,4.3,,5.27199,4.60958
2021-02-11,5.5,1.3,10.9,,3.1,,4.52427,4.97047
2021-02-12,6.5,0.6,14,,3.4,,4.97399,4.76541
2021-02-13,7.6,1,15.9,,3.8,,4.96315,4.43733
2021-02-14,9.5,6.4,13.8,0,3.6,,5.25032,4.89665
2021-02-15,1.2,-5.2,8.2,1.4,7.3,,5.64044,4.63418
2021-02-16,-5.1,-7,-1.3,1.5,7.2,1.1,6.12808,5.56922
2021-02-17,-8.3,-10.4,-5.2,0,7.5,0.9,7.54226,5.8727
2021-02-18,-5.8,-10.6,-0.4,,6.1,0.2,6.89206,5.4872
2021-02-19,1.6,-7.1,8.9,,5.9,,5.27199,4.49475
2021-02-20,8.8,5.5,14.9,,3.9,,4.4755,4.27329
2021-02-21,10.8,4.7,17.4,,5.8,,4.28586,4.20767
2021-02-22,7.8,0.4,12.6,,6.5,,3.56523,2.91174
2021-02-23,0,-3.1,4.3,,5.3,,3.87407,3.19061
2021-02-24,2.9,-3,10.1,,3.2,,3.7928,3.25623
2021-02-25,4.2,0.7,8.2,,2.8,,3.26723,2.81332
2021-02-26,8.2,0.5,15.8,,4.3,,2.82293,2.63287
2021-02-27,9.5,4.3,16.2,,5.6,,3.51647,3.05118
2021-02-28,7.8,3.2,10.8,,4.3,,3.34308,3.01017
2021-03-01,4.7,0.5,9,67.5,6.2,2.3,4.0583,4.19127
2021-03-02,2.3,0.2,6.9,0.1,4,2.3,4.88188,3.65813
2021-03-03,4.4,-1.2,9.9,,3.1,,4.02037,3.17421
2021-03-04,7.2,2.5,13,,3.6,,3.57065,2.82972
2021-03-05,9,3,16.2,,4.9,,2.5195,2.24737
2021-03-06,6.6,3.2,11.6,,6.2,,2.94755,2.78871
2021-03-07,6.2,2.1,12.2,,5.2,,3.01798,3.10859
2021-03-08,7,1.5,13.9,,4.9,,3.55981,2.82152
2021-03-09,6.6,2.1,12.2,,4.6,,2.55201,2.58366
2021-03-10,8.8,1.7,17.1,,3.7,,2.24859,2.24737
2021-03-11,10.2,4.7,17.1,,4.5,,2.05895,1.92749
2021-03-12,10.5,7.2,14.9,0,4.8,,2.04811,1.9849
2021-03-13,9.2,4.6,14.2,,4.4,,1.85847,2.05052
2021-03-14,9.1,4.9,14.7,,3.9,,1.88014,1.82086
2021-03-15,10.6,5.1,15.7,1.7,5.1,,1.86931,1.88648
2021-03-16,8.4,4.9,13.1,1.3,5.3,,1.80429,1.74704
2021-03-17,8.8,1.8,17.5,,4.7,,1.66883,1.77985
2021-03-18,11.7,5,18.4,,4.2,,1.46293,1.40255
2021-03-19,15.3,11.4,20.2,,4.3,,1.35457,1.38615
2021-03-20,9.9,7.4,14.7,5.1,4,,1.5713,1.55019
2021-03-21,5.8,3.1,8.6,0.3,6.8,,1.94516,2.14074
2021-03-22,6.2,1.1,11.1,,6.9,,2.67663,2.42782
2021-03-23,9.1,2.5,16.4,,5.7,,1.65799,1.55839
2021-03-24,10.8,5.7,16.9,,5.3,,1.13242,1.43536
2021-03-25,11.9,6.8,19,,4.9,,1.0674,0.99245
2021-03-26,12.6,4.8,20.6,,2.9,,0.89943,0.90223
2021-03-27,12.1,10.2,15,25.5,4.8,,0.89401,1.41076
2021-03-28,9,7.7,13,9.2,6.4,,1.16493,1.40255
2021-03-29,10.2,7.3,14.6,0.2,6.6,,1.04573,1.14829
2021-03-30,10.8,4.1,18.2,,5.1,,0.91569,1.1729
2021-03-31,14.5,5.9,22.9,,3.6,,0.73688,0.96784
2021-04-01,17.7,12,24,,6.7,,0.74772,0.94324
2021-04-02,17.8,12.5,23,0,6.4,,0.65561,1.01706
2021-04-03,14.9,10.9,18,56.2,6.3,,0.79648,1.04986
2021-04-04,11.9,9,15.8,0.6,5.2,,0.76939,1.03346
2021-04-05,11.9,5.4,19.3,,5.3,,0.85067,1.00065
2021-04-06,13.9,9.4,19.2,,5.4,,0.88859,0.87762
2021-04-07,14.1,8.1,20.4,,6.2,,0.69354,0.77099
2021-04-08,13,7.2,18,,5.8,,0.72063,1.04986
2021-04-09,13.6,7.6,19.6,,5.8,,0.87234,1.02526
2021-04-10,12.6,7.7,18.8,,4.7,,0.72063,0.86122
2021-04-11,15,7.5,21.8,,3.9,,0.79107,0.91043
2021-04-12,13.8,11.9,17.8,22,4.8,,0.75314,0.93503
2021-04-13,10.4,5.7,13.5,8,5.7,,1.05114,1.08267
2021-04-14,8.4,3.1,13.3,,6.9,,1.44668,1.46817
2021-04-15,11.6,6.3,18.3,,4.7,,0.77481,0.96784
2021-04-16,11.3,8.1,14.8,0.7,5.7,,1.05114,1.03346
2021-04-17,9.6,6,14.6,0,7.1,,1.03489,0.89402
2021-04-18,9.9,5.6,15.3,,5.7,,0.83983,1.01706
2021-04-19,12.2,5.8,19.4,,4.9,,0.84525,0.96784
2021-04-20,14.8,8.1,22,,4.5,,0.63935,0.87762
2021-04-21,19.1,10.3,28.2,,4.3,,0.59601,0.86122
2021-04-22,20.9,16.1,27.5,,5,,0.55808,0.84481
2021-04-23,19,17,21.7,0,6.9,,0.60684,0.76279
2021-04-24,18.3,15.3,22.2,0,5.2,,0.60684,0.64796
2021-04-25,18.2,12.6,24,,5.6,,0.55808,0.86942
2021-04-26,16.2,12.3,20.6,,4.6,,0.55266,0.70538
2021-04-27,15.4,12.5,20,1.7,5,,0.49848,0.64796
2021-04-28,14.5,11.2,18.2,4.7,4.8,,0.49848,0.66437
2021-04-29,14.6,10.9,20.1,3.9,6.4,,0.55266,0.7874
2021-04-30,11.3,8.6,14.6,26.3,5.2,,0.5635,0.812
2021-05-01,10.2,8.5,15.3,8,6.3,,0.8019,0.86122
2021-05-02,12.4,7.3,18.7,1.7,5.3,,0.81816,0.8038
2021-05-03,14.1,8.4,20.3,,4.9,,0.66103,0.812
2021-05-04,13.8,11.4,15.8,19.6,4.8,,0.73688,0.82841
2021-05-05,13.9,10.3,18.4,0.1,6.7,,0.54182,1.01706
2021-05-06,15.7,7.9,23.1,,6.5,,0.5635,0.77919
2021-05-07,14.4,10.7,17.2,8.8,6.7,,0.54182,0.86122
2021-05-08,14.3,8.9,21,,8.4,,0.60684,0.77919
2021-05-09,15.7,10,21.8,,7.9,,0.59059,1.09087
2021-05-10,13.2,11.7,14.6,0,4,,0.69354,0.82841
2021-05-11,18.5,9.4,25.7,,5,,0.54724,0.90223
2021-05-12,22,16.9,27.7,,3.7,,0.60684,0.77919
2021-05-13,22.9,16.6,29.6,,4.2,,0.59601,0.7874
2021-05-14,24.1,18,30.8,,4.3,,0.55808,0.7956
2021-05-15,22.1,20.8,26.2,15,3.6,,0.52557,0.86942
2021-05-16,18.4,14.8,20.8,66.9,4.4,,0.58517,0.84481
2021-05-17,15.3,14.2,16.7,3.1,3.1,,0.6231,0.91043
2021-05-18,17.9,13.6,24.5,,4.5,,0.63935,0.71358
2021-05-19,19.9,12.4,26.6,,4.4,,0.66644,0.83661
2021-05-20,18.7,15.6,22.9,0.9,6.2,,0.59059,0.77099
2021-05-21,16,14.2,18.2,6.9,4.2,,0.60143,0.73818
2021-05-22,18.6,13.8,23.8,0.2,6.2,,0.66103,0.61515
2021-05-23,19.5,14.3,25.1,,4.8,,0.64477,0.99245
2021-05-24,19.4,16.4,24.5,,5.6,,0.57975,0.74639
2021-05-25,15.3,11.9,19.3,8.3,7.4,,0.6231,0.77099
2021-05-26,18,11.5,23,0,6.5,,0.70979,0.88582
2021-05-27,15.8,13.9,18.7,8.9,5.2,,0.62852,0.74639
2021-05-28,15.3,12.4,19.7,12.3,5,,0.66644,0.73818
2021-05-29,15.4,12.8,19.1,0.3,3.7,,0.67728,1.14829
2021-05-30,18.4,10.8,26.3,18.1,7.6,,0.69895,1.05807
2021-05-31,19.9,16.5,23.8,4,3.5,,0.54724,0.812
2021-06-01,20.2,15.9,23.9,3.2,5.4,,0.70437,0.8202
2021-06-02,23.2,16.6,29.7,,4.5,,0.84525,1.23031
2021-06-03,19.1,14.6,22.7,18.1,7.5,,0.63935,0.86122
2021-06-04,18.5,13.3,23.6,,6,,0.53099,0.83661
2021-06-05,20.8,17,25.7,,5.5,,0.63935,0.95964
2021-06-06,23,18.4,28.2,,3.8,,0.73688,1.09908
2021-06-07,21.1,19.4,24,0,3.3,,0.65561,0.812
2021-06-08,23.6,18.8,29.5,0.1,3.6,,0.87776,0.97604
2021-06-09,25.8,19.5,31.6,,3.4,,0.65561,0.86942
2021-06-10,24.9,20.5,29.8,6.1,5.4,,0.79648,1.1893
2021-06-11,21.5,19.9,24.4,4.6,5.7,,0.80732,0.86942
2021-06-12,24.2,18.2,30.2,,3.9,,0.78565,0.92683
2021-06-13,24.8,20.9,29.7,,4.3,,0.75856,1.14829
2021-06-14,24.8,18.9,30.2,,4,,0.65561,0.90223
2021-06-15,22.5,21.5,25.3,1.9,3.9,,0.57975,0.82841
2021-06-16,24.3,20.3,28.9,,5.7,,0.71521,1.07447
2021-06-17,21.9,19.6,25,0,3.6,,0.82899,0.8202
2021-06-18,20,19,21.4,6.3,3.8,,1.00238,1.38615
2021-06-19,22.3,17.5,27.4,,3.7,,0.70979,1.04986
2021-06-20,22.9,17.6,29,,6.8,,0.86692,1.1893
2021-06-21,23.6,19.2,28.5,,4.6,,0.7423,1.39435
2021-06-22,22.8,19.7,28.6,0,7.8,,0.81274,1.11548
2021-06-23,22.4,18.8,27.9,7.5,6,,0.73146,1.01706
2021-06-24,23,18.5,28,,4.4,,0.7423,1.31233
2021-06-25,24.1,19.5,29.5,,4.7,,0.85609,0.97604
2021-06-26,22.8,19.9,26.7,4.5,3.4,,0.85609,1.1729
2021-06-27,24.5,19.8,30.8,38.2,7.8,,0.77481,1.25492
2021-06-28,23.7,21,29.2,0.1,4.1,,0.82358,1.12368
2021-06-29,23.9,21.3,28.4,8,4.1,,0.73688,1.1893
2021-06-30,24.3,21,28.8,6,3.6,,0.75856,1.29593
2021-07-01,26.3,21.4,31,,4.1,,1.01322,1.35334
2021-07-02,27.1,23.6,31.8,,3.5,,0.84525,1.16469
2021-07-03,22.6,19.6,25.7,60,5.9,,0.94278,1.37795
2021-07-04,21.4,19.8,23.1,21.4,4.9,,1.03489,1.50918
2021-07-05,23.3,20.1,26.9,,3.5,,1.01322,1.36975
2021-07-06,25.3,21,30.1,,3.7,,0.9211,1.15649
2021-07-07,26.4,23.9,29.1,12.7,3.3,,1.08907,1.64862
2021-07-08,26,23.8,29.8,2.9,4.7,,0.96445,1.15649
2021-07-09,25.5,23.6,29.2,0,4.2,,0.97529,1.22211
2021-07-10,25.9,23.1,29.2,0.5,5.4,,1.13784,1.54199
2021-07-11,25.7,24.1,27.5,0.4,4.8,,1.33831,1.5666
2021-07-12,28.1,23.8,32.5,,3.1,,1.1866,1.77985
2021-07-13,28.8,26.3,31.5,,3.7,,1.34373,2.26377
2021-07-14,29.7,26.1,33.5,,4.2,,1.11074,1.50098
2021-07-15,29.1,25.9,34.5,0,4.6,,1.07824,1.46817
2021-07-16,28.8,24.2,35.2,,7.4,,1.11616,1.71423
2021-07-17,29.1,24.7,32.8,0,4.2,,1.85305,2.28018
2021-07-18,29.6,25.7,34.1,,4.2,,1.35999,2.09973
2021-07-19,26.4,24,30.5,67.4,4.9,,1.37624,1.38615
2021-07-20,27.9,23.6,31.8,0,3.6,,1.42501,1.9603
2021-07-21,30.5,25.3,35.3,,3,,1.34373,1.62401
2021-07-22,31.2,26.5,35.9,,3.7,,1.39791,2.18996
2021-07-23,31.2,27.2,35.8,,3.6,,1.25162,1.92749
2021-07-24,31.7,26.9,36.5,,4.2,,2.10229,2.18175
2021-07-25,31.5,27.2,35.9,,4.4,,2.09687,2.38681
2021-07-26,31.2,27.4,35.4,,4.3,,1.4521,1.78805
2021-07-27,31.1,27.8,35.7,,4.6,,1.67425,2.14895
2021-07-28,30.4,27.1,34.7,0,4.9,,1.77178,2.19816
2021-07-29,29.6,27,33.3,,3.9,,1.62006,2.18175
2021-07-30,30.5,25.8,35.4,,4.1,,1.71759,2.14074
2021-07-31,29.8,26.8,34.3,3,4.3,,1.91807,2.44422
2021-08-01,27.1,25.1,28.8,21,4.7,,2.18899,2.62467
2021-08-02,26.5,25,28.6,1.7,3.4,,1.90723,2.39501
2021-08-03,28,24.1,31.4,0,5.5,,2.0752,2.11614
2021-08-04,28.9,26.3,33.2,,4.3,,2.08604,2.64107
2021-08-05,29.4,25.6,33.7,,4.1,,2.38946,2.65748
2021-08-06,28.1,26,32.2,,8.3,,2.00476,2.55085
2021-08-07,28,23.4,32.3,,4,,2.2811,2.66568
2021-08-08,26.8,24.4,32.1,12.7,4.3,,3.25639,3.22342
2021-08-09,28.3,23.3,33.6,,4.8,,2.59536,2.94455
2021-08-10,27.7,24.3,32.2,,4.4,,3.05049,3.57611
2021-08-11,27.4,24.1,31.6,0,3.9,,2.86627,3.63353
2021-08-12,26.8,24,31.7,0,4.6,,2.74165,3.11679
2021-08-13,26.6,23.4,30.1,,3.5,,2.60619,2.64927
2021-08-14,26.1,23.4,30.5,,4.8,,2.81209,3.02657
2021-08-15,26.9,21.7,32.4,,3.7,,3.80905,3.31364
2021-08-16,27.3,22.5,32.8,0,3.7,,3.64109,4.09284
2021-08-17,25.9,21.9,31.3,9.3,4.6,,3.29973,3.65813
2021-08-18,24.3,20.6,31,5.6,5.4,,3.48396,3.67454
2021-08-19,26,21,31.5,,4,,3.60316,3.9124
2021-08-20,26.6,22.6,30.7,0,5.1,,2.93671,3.23982
2021-08-21,23.8,21,25.5,62.8,6.7,,4.34547,4.02723
2021-08-22,24.4,22.4,27,0,4.4,,4.54594,4.42093
2021-08-23,22.4,21,24,7.4,3.3,,4.2967,4.49475
2021-08-24,23.4,21.1,26.4,10.5,6.1,,3.68443,4.3225
2021-08-25,25,23.5,27.3,0.3,3.8,,4.57303,4.02723
2021-08-26,25.5,22.9,27.9,0.7,5,,4.35088,4.28149
2021-08-27,22.4,20.4,25.5,0.9,3.2,,4.1775,3.96161
2021-08-28,23.6,19.7,28.2,,3.9,,4.1179,4.49475
2021-08-29,23.7,21.9,26.3,0.9,3.4,,5.17988,5.44619
2021-08-30,24.2,21.2,27.7,0,2.9,,4.11248,5.0853
2021-08-31,20.5,18.1,23.1,77.4,4.9,,4.75184,4.93766
2021-09-01,21.4,18.5,23.9,0.8,4.7,,4.58387,4.78182
2021-09-02,23.5,20.7,26.7,,3.4,,4.54052,5.17552
2021-09-03,24.3,20.6,29.2,,4,,4.1775,4.85564
2021-09-04,23.2,18.5,28.6,,3.7,,4.06371,5.40518
2021-09-05,23.1,19.4,27.3,,4.9,,5.20697,5.98753
2021-09-06,22.3,18,26.4,12,5.5,,4.57845,6.11056
2021-09-07,19.6,17.6,20.9,29.6,4.4,,4.63263,5.62664
2021-09-08,22.2,19,26.9,1.6,4.2,,4.10706,5.57742
2021-09-09,23.5,19.1,29.1,,3,,4.13957,4.66699
2021-09-10,23.6,19.5,28.9,,4.3,,4.00953,4.63418
2021-09-11,24,19.9,29.4,,5.6,,4.02037,5.01148
2021-09-12,24.2,19.2,29.8,,4.4,,4.97941,6.29921
2021-09-13,24.8,20.8,30.3,,3.9,,7.23342,8.94028
2021-09-14,24.6,20,29.5,,5.6,,5.06068,6.12696
2021-09-15,23.6,19.5,28.9,,5.9,,3.86324,5.28215
2021-09-16,22.9,18,27.3,,4.6,,4.24794,6.00393
2021-09-17,23.5,20.5,28.2,,5.8,,4.18833,5.45439
2021-09-18,23.9,18.9,29.8,,4,,3.94451,5.65944
2021-09-19,23.7,20.8,27.8,,3,,4.37798,6.06955
2021-09-20,23.7,19,28.4,,6.2,,4.49176,5.26574
2021-09-21,22,17.4,26.2,68.1,7.1,,5.27741,6.35662
2021-09-22,20.2,16.8,24.3,4.5,6.2,,6.50195,7.062
2021-09-23,20.9,16.9,25.9,,6.5,,5.8084,6.42224
2021-09-24,21.8,16.7,26.9,,3.8,,5.21239,5.75787
2021-09-25,21.2,18.7,23.1,,3.5,,5.08777,6.79133
2021-09-26,22.6,18.4,27.3,,3.6,,6.04681,7.70997
2021-09-27,21.6,18.7,25,0,3.7,,4.45925,6.56988
2021-09-28,21.5,19.6,24.4,1.3,3.7,,5.29908,6.97998
2021-09-29,20.2,17.8,21.4,13.1,4.4,,5.48872,6.75853
2021-09-30,20.3,16,25.9,,3.3,,4.39423,6.52887
2021-10-01,21.1,16.9,27.5,13.3,10.6,,4.51885,6.20898
2021-10-02,20.7,16.4,26.6,,3.3,,5.20156,6.58628
2021-10-03,22.3,17.1,28.8,,4.5,,5.47247,7.21784
2021-10-04,22.9,19.2,25.6,3.6,6.1,,6.18227,8.55479
2021-10-05,23.6,21.7,26.5,0,6.2,,5.26116,6.57808
2021-10-06,18.8,17.9,21.7,6.4,4.3,,5.78131,6.53707
2021-10-07,19.4,17.9,21.9,4.6,4,,5.40745,7.55413
2021-10-08,18.8,17.5,20,3.5,2.9,,5.32618,6.92257
2021-10-09,20.9,18.5,24.1,0.4,3.7,,6.03055,7.80839
2021-10-10,19.9,14.9,24.3,14.2,4.7,,8.1762,10.39206
2021-10-11,15.2,12.6,17.8,0.3,6,,13.45903,15.54297
2021-10-12,17.9,15.8,21.3,,5.9,,14.82444,16.30577
2021-10-13,19.6,14.9,25.2,,4.1,,13.45361,14.50131
2021-10-14,19.7,17.4,23.9,,4.2,,15.18747,17.15879
2021-10-15,19,17,21.4,0,3.8,,16.05439,19.01246
2021-10-16,10.7,4.2,18.1,0,5.7,,57.08712,56.06135
2021-10-17,5.6,1.3,10.8,,7.1,,100,100
2021-10-18,9.6,2.8,16.1,5.6,3.6,,80.59709,78.47769
2021-10-19,10.9,7.1,15,4.4,5.4,,59.98591,60.33464
2021-10-20,9.5,4.6,15.8,,3.7,,54.45383,54.77362
2021-10-21,9.8,4.9,16.2,,3.6,,45.89293,48.49081
2021-10-22,10.8,5.2,17.2,,4.9,,38.51863,38.56627
2021-10-23,11.4,5.7,18.4,,3.4,,39.80819,38.60728
2021-10-24,11.4,6,18.1,,3.2,,39.97615,40.91207
2021-10-25,11.7,6.3,17.6,,3.5,,31.5182,33.68602
2021-10-26,13,7.7,19,,3,,27.42197,31.77493
2021-10-27,13.4,9.8,18.1,0,4,,24.66948,27.96095
2021-10-28,12.7,7.1,20,,3.7,,25.23298,27.46883
2021-10-29,14.6,10.5,20.6,,3.7,,22.30169,25.30347
2021-10-30,13.8,11,18,,3.1,,23.88383,24.11417
2021-10-31,14.1,9.2,20.3,0.7,3.9,,24.24685,28.84678
2021-11-01,12.9,10.3,16.9,,4,,23.43411,25.50032
2021-11-02,11.5,7.9,16.9,,3.5,,24.9729,27.78051
2021-11-03,12.1,7.6,17.1,,3.7,,24.10056,26.00065
2021-11-04,12.1,8.4,16.3,0,2.7,,23.82423,25.20505
2021-11-05,13,7.8,20.2,,2.7,,21.64065,21.53051
2021-11-06,14.1,8.8,21.3,,2.8,,24.13307,25.17224
2021-11-07,15.3,9.7,21.3,,4.9,,32.40138,34.36679
2021-11-08,8.6,4.5,15.5,25.7,9.3,,49.16558,47.59678
2021-11-09,4.9,3,6.5,2,5.1,,72.23125,64.23064
2021-11-10,4.2,0.7,7.7,0.3,5.7,,80.38578,75.26246
2021-11-11,5.3,2.1,9.7,0,6.8,,66.77503,62.87729
2021-11-12,4.5,1.3,8.6,,5.8,,60.99371,60.87598
2021-11-13,7.3,0.5,13.4,,3.3,,56.33398,57.8412
2021-11-14,11.3,7.8,16.4,,5.7,,51.52795,56.34022
2021-11-15,10.1,5.8,15.7,,3.2,,39.74859,44.5374
2021-11-16,8.5,4.4,13.6,,4.4,,37.74382,39.01738
2021-11-17,7.5,2.7,12.5,,3.4,,36.55179,39.41929
2021-11-18,11.9,7.7,16.2,0,5.5,,33.66384,35.07217
2021-11-19,12.9,10.2,16.7,,3.6,,27.27026,29.01902
2021-11-20,10.4,6.8,15.6,,3,,29.37798,31.94717
2021-11-21,10.4,7.6,13.1,5.9,7.9,,35.25682,36.7454
2021-11-22,2.7,-0.6,7.5,1.3,7.3,,69.47334,62.15551
2021-11-23,-0.6,-3.7,2.3,,5.5,,93.29757,88.54986
2021-11-24,4.1,-2.6,9.1,0,4.4,,65.27958,62.86909
2021-11-25,5.7,2.6,9.9,,4.7,,46.97659,49.34383
2021-11-26,2.9,-0.5,7.2,0,4.3,,41.71543,45.62007
2021-11-27,3.4,-1.4,10.1,,3.9,,43.88816,49.06496
2021-11-28,5.1,-1.3,12.4,,2.8,,48.77546,55.38877
2021-11-29,7.6,2.5,13.7,,2.9,,40.59926,45.16076
2021-11-30,5.7,0.7,8.9,27.2,8.4,,48.8459,48.34317
2021-12-01,-1.3,-3,1.5,,7.2,,67.14889,67.37204
2021-12-02,1.3,-4.6,5,0.1,4.6,,55.60793,56.97998
2021-12-03,1.9,-1.8,4.6,0.4,5.8,,43.48721,48.64665
2021-12-04,1.4,-2.7,7,,4.8,,48.09276,54.53576
2021-12-05,2.9,-2.3,9.6,,2.9,,48.36367,56.34022
2021-12-06,5.4,-0.7,12.1,,2.8,,37.09362,41.12532
2021-12-07,6.8,2.6,13.3,,2.6,,30.66211,34.68667
2021-12-08,6.7,1.9,13.3,,2.6,,30.02275,31.19258
2021-12-09,6.5,2.7,9.7,,3.5,,26.79345,29.97867
2021-12-10,7,5.8,8.2,0.7,3.4,,22.93563,27.07513
2021-12-11,6,4.4,9.8,,3.6,,25.93194,29.88024
2021-12-12,1.2,-3.8,5.1,,6.6,,35.83658,42.39665
2021-12-13,-2.2,-5.9,1.9,,4.1,,40.27416,44.27493
2021-12-14,3.7,-0.7,8.2,1.2,3.6,,33.45795,36.96686
2021-12-15,7.2,5.4,10,2.1,3.9,,27.09146,31.82414
2021-12-16,6.4,3.3,9.8,0,4.6,,23.64,27.18996
2021-12-17,-5.6,-10.1,3.2,,8.1,,33.34416,37.1309
2021-12-18,-5.7,-11.2,-1.8,2.8,3.6,4.4,39.86237,44.99671
2021-12-19,-0.8,-5.8,4.2,0.2,4.9,4.6,38.10684,44.21751
2021-12-20,5.2,-0.9,11.1,0,5.1,1.8,27.44364,31.79954
2021-12-21,5.2,0.8,8.9,,4.4,,22.95188,26.27952
2021-12-22,2.2,-2.6,8.2,,3.3,,21.49436,25.50853
2021-12-23,2.7,-1.5,8.3,,2.8,,20.68703,23.95833
2021-12-24,-0.3,-7.3,3.2,0.2,6.2,,18.76896,24.17979
2021-12-25,-11.7,-14.4,-7.3,,7,,27.05353,32.58694
2021-12-26,-12.1,-15.5,-7.3,,4.8,,35.08885,44.72604
2021-12-27,-7.6,-12.9,-3.9,0,3.1,,32.24967,36.95866
2021-12-28,-4.1,-8.5,-0.9,,3.1,,26.50086,28.46128
2021-12-29,0.4,-3.8,5.9,0.2,5.9,0.3,22.62678,26.23031
2021-12-30,-3.9,-6.8,0.2,0,6.6,,21.51061,25.66437
2021-12-31,-6.7,-8.8,-3.9,,5.4,,20.99046,24.13057
